{
  "providers":[
    {
      "type":"bitmap",
      "file":"anemokinesis:gui/sun_drop.png",
      "ascent":10,
      "height":13,
      "chars":[
        "\u000a"
      ]
    },
    {
      "type": "bitmap",
      "file": "anemokinesis:gui/negative_space.png",
      "ascent": -32768,
      "height": -80,
      "chars": [
        "\uc000"
      ]
    },
    {
      "type": "bitmap",
      "file": "anemokinesis:gui/negative_space.png",
      "ascent": -32768,
      "height": -171,
      "chars": [
        "\uc001"
      ]
    },
    {
      "type": "bitmap",
      "file": "anemokinesis:gui/daylight_capacitor.png",
      "ascent": 14,
      "height": 176.0,
      "chars": [
        "\uc002"
      ]
    },
    {
      "type": "bitmap",
      "file": "anemokinesis:gui/daylight_capacitor_cryo.png",
      "ascent": 14,
      "height": 176.0,
      "chars": [
        "\uc003"
      ]
    },
    {
      "type": "bitmap",
      "file": "anemokinesis:gui/negative_space.png",
      "ascent": -32768,
      "height": -94,
      "chars": [
        "\uc004"
      ]
    }
  ]
}