[
  {
    "condition": "minecraft:value_check",
    "value": {
      "type": "minecraft:score",
      "target": "this",
      "score": "ane.click"
    },
    "range": {
      "min": 5
    }
  },
  {
    "condition": "minecraft:value_check",
    "value": {
      "type": "minecraft:score",
      "target": "this",
      "score": "ane.cSunDrops"
    },
    "range": {
      "min": 550
    }
  },
  {
    "condition": "minecraft:entity_properties",
    "entity": "this",
    "predicate": {
      "equipment": {
        "mainhand": {
          "nbt": "{smithed:{id:\"anemokinesis:thunderite_sword\"}}"
        }
      }
    }
  }
]