{
  "pools": [
    {
      "rolls": 1,
      "entries": [
        {
          "type": "item",
          "weight": 1,
          "name": "minecraft:stone_button",
          "functions": [
            {
              "function": "set_count",
              "count": 1
            },
            {
              "function": "set_nbt",
              "tag": "{ane:{id:\"death_detect\", entity:\"voidling\"}}"
              }],
              "conditions": [{
                "condition": "minecraft:killed_by_player"
            }
          ]
        }
      ]
    }
  ]
}