{
  "pools": [
    {
      "rolls": 1,
      "entries": [
        {
          "type": "minecraft:item",
          "name": "minecraft:written_book",
          "functions": [
            {
              "function": "minecraft:set_nbt",
              "tag": "{resolved:1b,title:\"Manual\",author:\"???\",HideFlags:32,CustomModelData:6901000,smithed:{id:\"anemokinesis:recipe_book\"},pages:['[{\"text\":\"\",\"font\":\"anemokinesis:book\",\"color\":\"white\"},{\"translate\":\"book.anemokinesis.icon.icon_empty\",\"hoverEvent\":{\"action\":\"show_text\",\"contents\":[{\"translate\":\"item.anemokinesis.solar_brew\"}]}},{\"translate\":\"book.anemokinesis.icon.anti_icon\"},{\"translate\":\"book.anemokinesis.solar_brew.icon\"},{\"translate\":\"book.anemokinesis.icon.description\",\"hoverEvent\":{\"action\":\"show_text\",\"contents\":[{\"translate\":\"book.anemokinesis.text.solar_brew.description\"}]}},{\"translate\":\"book.anemokinesis.icon.crafting\",\"hoverEvent\":{\"action\":\"show_text\",\"contents\":[{\"translate\":\"book.anemokinesis.solar_brew.crafting\",\"font\":\"anemokinesis:book\"}]}},{\"translate\":\"book.anemokinesis.icon.give\",\"clickEvent\":{\"action\":\"run_command\",\"value\":\"/loot give @s loot anemokinesis:item/solar_brew\"},\"hoverEvent\":{\"action\":\"show_text\",\"contents\":[{\"translate\":\"book.anemokinesis.text.give\"}]}},{\"translate\":\"book.anemokinesis.icon.history\",\"hoverEvent\":{\"action\":\"show_text\",\"contents\":[{\"translate\":\"book.anemokinesis.text.solar_brew.history\"}]}},{\"translate\":\"book.anemokinesis.text.solar_brew\",\"color\":\"black\"}]','[{\"text\":\"\",\"font\":\"anemokinesis:book\",\"color\":\"white\"},{\"translate\":\"book.anemokinesis.icon.icon_empty\",\"hoverEvent\":{\"action\":\"show_text\",\"contents\":[{\"translate\":\"block.anemokinesis.daylight_capacitor\"}]}},{\"translate\":\"book.anemokinesis.icon.anti_icon\"},{\"translate\":\"book.anemokinesis.daylight_capacitor.icon\"},{\"translate\":\"book.anemokinesis.icon.description\",\"hoverEvent\":{\"action\":\"show_text\",\"contents\":[{\"translate\":\"book.anemokinesis.text.daylight_capacitor.description\"}]}},{\"translate\":\"book.anemokinesis.icon.crafting\",\"hoverEvent\":{\"action\":\"show_text\",\"contents\":[{\"translate\":\"book.anemokinesis.daylight_capacitor.crafting\",\"font\":\"anemokinesis:book\"}]}},{\"translate\":\"book.anemokinesis.icon.give\",\"clickEvent\":{\"action\":\"run_command\",\"value\":\"/loot give @s loot anemokinesis:block/daylight_capacitor\"},\"hoverEvent\":{\"action\":\"show_text\",\"contents\":[{\"translate\":\"book.anemokinesis.text.give\"}]}},{\"translate\":\"book.anemokinesis.icon.history\",\"hoverEvent\":{\"action\":\"show_text\",\"contents\":[{\"translate\":\"book.anemokinesis.text.daylight_capacitor.history\"}]}},{\"translate\":\"book.anemokinesis.text.daylight_capacitor\",\"color\":\"black\",\"with\":[{\"translate\":\"item.anemokinesis.radiant_shard\",\"color\":\"dark_aqua\",\"hoverEvent\":{\"action\":\"show_text\",\"contents\":[{\"translate\":\"book.anemokinesis.text.navigate\"}]},\"clickEvent\":{\"action\":\"change_page\",\"value\":\"3\"}}]}]','[{\"text\":\"\",\"font\":\"anemokinesis:book\",\"color\":\"white\"},{\"translate\":\"book.anemokinesis.icon.icon_empty\",\"hoverEvent\":{\"action\":\"show_text\",\"contents\":[{\"translate\":\"item.anemokinesis.radiant_shard\"}]}},{\"translate\":\"book.anemokinesis.icon.anti_icon\"},{\"translate\":\"book.anemokinesis.radiant_shard.icon\"},{\"translate\":\"book.anemokinesis.icon.description\",\"hoverEvent\":{\"action\":\"show_text\",\"contents\":[{\"translate\":\"book.anemokinesis.text.radiant_shard.description\"}]}},{\"translate\":\"book.anemokinesis.icon.crafting\",\"hoverEvent\":{\"action\":\"show_text\",\"contents\":[{\"translate\":\"book.anemokinesis.radiant_shard.crafting\",\"font\":\"anemokinesis:book\"}]}},{\"translate\":\"book.anemokinesis.icon.give\",\"clickEvent\":{\"action\":\"run_command\",\"value\":\"/loot give @s loot anemokinesis:item/radiant_shard\"},\"hoverEvent\":{\"action\":\"show_text\",\"contents\":[{\"translate\":\"book.anemokinesis.text.give\"}]}},{\"translate\":\"book.anemokinesis.icon.history\",\"hoverEvent\":{\"action\":\"show_text\",\"contents\":[{\"translate\":\"book.anemokinesis.text.radiant_shard.history\"}]}},{\"translate\":\"book.anemokinesis.text.radiant_shard\",\"color\":\"black\",\"with\":[{\"translate\":\"item.anemokinesis.heliolide\",\"color\":\"dark_aqua\",\"hoverEvent\":{\"action\":\"show_text\",\"contents\":[{\"translate\":\"book.anemokinesis.text.navigate\"}]},\"clickEvent\":{\"action\":\"change_page\",\"value\":\"4\"}}]}]','[{\"text\":\"\",\"font\":\"anemokinesis:book\",\"color\":\"white\"},{\"translate\":\"book.anemokinesis.icon.icon_empty\",\"hoverEvent\":{\"action\":\"show_text\",\"contents\":[{\"translate\":\"item.anemokinesis.heliolide\"}]}},{\"translate\":\"book.anemokinesis.icon.anti_icon\"},{\"translate\":\"book.anemokinesis.heliolide.icon\"},{\"translate\":\"book.anemokinesis.icon.description\",\"hoverEvent\":{\"action\":\"show_text\",\"contents\":[{\"translate\":\"book.anemokinesis.text.heliolide.description\"}]}},{\"translate\":\"book.anemokinesis.icon.crafting\",\"hoverEvent\":{\"action\":\"show_text\",\"contents\":[{\"translate\":\"book.anemokinesis.heliolide.crafting\",\"font\":\"anemokinesis:book\"}]}},{\"translate\":\"book.anemokinesis.icon.give\",\"clickEvent\":{\"action\":\"run_command\",\"value\":\"/loot give @s loot anemokinesis:item/heliolide\"},\"hoverEvent\":{\"action\":\"show_text\",\"contents\":[{\"translate\":\"book.anemokinesis.text.give\"}]}},{\"translate\":\"book.anemokinesis.icon.history\",\"hoverEvent\":{\"action\":\"show_text\",\"contents\":[{\"translate\":\"book.anemokinesis.text.heliolide.history\"}]}},{\"translate\":\"book.anemokinesis.text.heliolide\",\"color\":\"black\",\"with\":[{\"translate\":\"item.anemokinesis.heliolide_ingot\",\"color\":\"dark_aqua\",\"hoverEvent\":{\"action\":\"show_text\",\"contents\":[{\"translate\":\"book.anemokinesis.text.navigate\"}]},\"clickEvent\":{\"action\":\"change_page\",\"value\":\"5\"}}]}]','[{\"text\":\"\",\"font\":\"anemokinesis:book\",\"color\":\"white\"},{\"translate\":\"book.anemokinesis.icon.icon_empty\",\"hoverEvent\":{\"action\":\"show_text\",\"contents\":[{\"translate\":\"item.anemokinesis.heliolide_ingot\"}]}},{\"translate\":\"book.anemokinesis.icon.anti_icon\"},{\"translate\":\"book.anemokinesis.heliolide_ingot.icon\"},{\"translate\":\"book.anemokinesis.icon.description\",\"hoverEvent\":{\"action\":\"show_text\",\"contents\":[{\"translate\":\"book.anemokinesis.text.heliolide_ingot.description\"}]}},{\"translate\":\"book.anemokinesis.icon.crafting\",\"hoverEvent\":{\"action\":\"show_text\",\"contents\":[{\"translate\":\"book.anemokinesis.heliolide_ingot.crafting\",\"font\":\"anemokinesis:book\"}]}},{\"translate\":\"book.anemokinesis.icon.give\",\"clickEvent\":{\"action\":\"run_command\",\"value\":\"/loot give @s loot anemokinesis:item/heliolide_ingot\"},\"hoverEvent\":{\"action\":\"show_text\",\"contents\":[{\"translate\":\"book.anemokinesis.text.give\"}]}},{\"translate\":\"book.anemokinesis.icon.history\",\"hoverEvent\":{\"action\":\"show_text\",\"contents\":[{\"translate\":\"book.anemokinesis.text.heliolide_ingot.history\"}]}},{\"translate\":\"book.anemokinesis.text.heliolide_ingot\",\"color\":\"black\"}]']}"
            },
            {
              "function": "minecraft:set_name",
              "name": {
                "translate": "item.anemokinesis.guide",
                "color": "white",
                "italic": false
              }
            }
          ]
        }
      ]
    }
  ]
}
