{
    "pools": [
      {
        "rolls": 1,
        "entries": [
          {
            "type": "minecraft:item",
            "name": "minecraft:written_book",
            "functions": [
              {
                "function": "minecraft:set_nbt",
                "tag": "{resolved:1b,title:\"Manual\",author:\"???\",HideFlags:32,CustomModelData:6901000,smithed:{id:\"anemokinesis:recipe_book\"},pages:[]}"
              },
              {
                "function": "minecraft:set_name",
                "name": {
                  "translate": "item.anemokinesis.guide",
                  "color": "white",
                  "italic": false
                }
              }
            ]
          }
        ]
      }
    ]
  }
  