{
    "type": "minecraft:generic",
    "pools": [
      {
        "rolls": 1,
        "entries": [
          {
            "type": "minecraft:item",
            "name": "minecraft:carrot_on_a_stick",
            "functions": [
              {
                "function": "minecraft:set_nbt",
                "tag": "{CustomModelData:6901002,display:{Name:'{\"translate\":\"item.anemokinesis.cosmic_shell\",\"italic\":false,\"color\":\"white\"}'},smithed:{id:\"anemokinesis:cosmic_shell\"}}"
              }
            ]
          }
        ]
      }
    ],
    "functions": [
      {
        "function": "minecraft:set_lore",
        "lore": [
            {
                "text":""
            },
            {
              "translate": "pack.anemokinesis",
              "color":"#4EDBA5",
"italic":true
            }
          ]
      }
    ]
  }
  