{
    "type": "minecraft:generic",
    "pools": [
      {
        "rolls": 1,
        "entries": [
          {
            "type": "minecraft:item",
            "name": "minecraft:carrot_on_a_stick",
            "functions": [
              {
                "function": "minecraft:set_nbt",
                "tag": "{CustomModelData:6901001,display:{Name:'{\"translate\":\"item.anemokinesis.heat_wave\",\"italic\":false,\"color\":\"white\"}'},ane:{magic:{identifier:1b,cost:40,damage:5}},smithed:{durability:{max:300},id:\"anemokinesis:heat_wave\"}}"
              }
            ]
          }
        ]
      }
    ],
    "functions": [
      {
        "function": "minecraft:set_lore",
        "lore": [
            {
                "text":""
            },
            {
              "translate": "item.modifiers.mainhand",
              "color":"gray",
              "italic": false
            },
            {
              "translate": "attribute.name.anemokinesis.magic_damage",
              "with": [
                {
                  "text": "5"
                }
              ],
              "color": "dark_green",
              "italic": false
            },
            {
              "translate": "attribute.name.anemokinesis.sun_drops_required",
              "with": [
                {
                  "text": "40"
                }
              ],
              "color": "dark_green",
              "italic": false
            },
            {
              "text":""
          },
          {
            "translate": "pack.anemokinesis",
            "color":"#4EDBA5",
            "italic":true
          }
          ]
      }
    ]
  }
  