{
    "pools": [
      {
        "rolls": 1,
        "entries": [
          {
            "type": "minecraft:item",
            "name": "minecraft:leather_chestplate",
            "functions": [
              {
                "function": "minecraft:set_lore",
                "lore": [
                  {
                    "translate": "item.anemokinesis.armor_set_bonus",
                    "color": "gold",
                    "italic": false
                  },
                  {
                    "translate": "item.anemokinesis.heliolide_armor.set_bonus",
                    "color": "gray",
                    "italic": false
                  }
                ]
              },
              {
                "function": "minecraft:set_nbt",
                "tag": "{HideFlags:64,CustomModelData:6901000,display:{color:5697,Name:'{\"translate\":\"item.anemokinesis.heliolide_chestplate\",\"italic\":false,\"color\":\"white\"}'},smithed:{id:\"anemokinesis:heliolide_chestplate\",durability:{max:450}}}"
              }
            ]
          }
        ]
      }
    ]
  }
  