{
    "pools": [
      {
        "rolls": 1,
        "entries": [
          {
            "type": "minecraft:item",
            "name": "minecraft:shield",
            "functions": [
              {
                "function": "minecraft:set_attributes",
                "modifiers": [
                  {
                    "attribute": "minecraft:generic.attack_damage",
                    "name": "",
                    "amount": 8.5,
                    "operation": "addition",
                    "slot": "mainhand"
                  },
                  {
                    "attribute": "minecraft:generic.attack_speed",
                    "name": "",
                    "amount": -2.8,
                    "operation": "addition",
                    "slot": "mainhand"
                  }
                ]
              },
              {
                "function": "minecraft:set_lore",
                "lore": [
                    {
                        "text":""
                    },
                    {
                      "translate": "item.modifiers.mainhand",
                      "color":"gray",
                      "italic": false
                    },
                    {
                      "translate": "attribute.name.anemokinesis.attack_damage",
                      "with": [
                        {
                          "text": "8.5"
                        }
                      ],
                      "color": "dark_green",
                      "italic": false
                    },
                    {
                      "translate": "attribute.name.anemokinesis.magic_damage",
                      "with": [
                        {
                          "text": "7"
                        }
                      ],
                      "color": "dark_green",
                      "italic": false
                    },
                    {
                      "translate": "attribute.name.anemokinesis.attack_speed",
                      "with": [
                        {
                          "text": "1.2"
                        }
                      ],
                      "color": "dark_green",
                      "italic": false
                    },
                    {
                      "text":""
                  },
                  {
                    "translate": "pack.anemokinesis",
                    "color":"#4EDBA5",
                    "italic":true
                  }
                  ]
              },
              {
                "function": "minecraft:set_nbt",
                "tag": "{HideFlags:2,CustomModelData:6901001,display:{Name:'{\"translate\":\"item.anemokinesis.remorse\",\"italic\":false,\"color\":\"white\"}'},ane:{click:1b},smithed:{id:\"anemokinesis:remorse\",durability:{max:1500}}}"
              }
            ]
          }
        ]
      }
    ]
  }