{
    "type": "minecraft:generic",
    "pools": [
      {
        "rolls": 1,
        "entries": [
          {
            "type": "minecraft:item",
            "name": "minecraft:potion",
            "functions": [
              {
                "function": "minecraft:set_nbt",
                "tag": "{HideFlags:32,CustomPotionColor:16777215,CustomModelData:6901001,display:{Name:'{\"translate\":\"item.anemokinesis.solar_flare_potion\",\"italic\":false,\"color\":\"white\"}'},smithed:{id:\"anemokinesis:solar_flare_potion\"}}"
              }
            ]
          }
        ]
      }
    ],
    "functions": [
      {
        "function": "minecraft:set_lore",
        "lore": [
            {
              "translate": "item.anemokinesis.solar_flare_potion.tooltip",
              "with": [
                {
                  "text": "I"
                }
              ],
              "color":"blue",
              "italic": false
            },
            {
              "text":""
          },
            {
              "translate": "potion.whenDrank",
              "color": "dark_purple",
              "italic": false
            },
            {
              "translate": "item.anemokinesis.solar_flare_potion.tooltip2",
              "with": [
                {
                  "text": "+30"
                }
              ],
              "color": "blue",
              "italic": false
            }
          ]
      }
    ]
  }
  