{
    "type": "minecraft:generic",
    "pools": [
      {
        "rolls": 1,
        "entries": [
          {
            "type": "minecraft:item",
            "name": "minecraft:potion",
            "functions": [
              {
                "function": "minecraft:set_nbt",
                "tag": "{HideFlags:32,CustomPotionColor:16777215,CustomModelData:6901000,display:{Name:'{\"translate\":\"item.anemokinesis.solar_brew\",\"italic\":false,\"color\":\"yellow\"}'},smithed:{id:\"anemokinesis:solar_brew\"}}"
              }
            ]
          }
        ]
      }
    ],
    "functions": [
      {
        "function": "minecraft:set_lore",
        "lore": [
            {
                "text":""
            },
            {
              "translate": "pack.anemokinesis",
              "color":"#4EDBA5",
"italic":true
            }
          ]
      }
    ]
  }
  