{
  "pools": [
    {
      "rolls": 1,
      "entries": [
        {
          "type": "minecraft:item",
          "name": "minecraft:shield",
          "functions": [
            {
              "function": "minecraft:set_attributes",
              "modifiers": [
                {
                  "attribute": "minecraft:generic.attack_damage",
                  "name": "",
                  "amount": 7.5,
                  "operation": "addition",
                  "slot": "mainhand"
                },
                {
                  "attribute": "minecraft:generic.attack_speed",
                  "name": "",
                  "amount": -2.4,
                  "operation": "addition",
                  "slot": "mainhand"
                }
              ]
            },
            {
              "function": "minecraft:set_lore",
              "lore": [
                  {
                      "text":""
                  },
                  {
                    "translate": "item.modifiers.mainhand",
                    "color":"gray",
                    "italic": false
                  },
                  {
                    "translate": "attribute.name.anemokinesis.attack_damage",
                    "with": [
                      {
                        "text": "7.5"
                      }
                    ],
                    "color": "dark_green",
                    "italic": false
                  },
                  {
                    "translate": "attribute.name.anemokinesis.magic_damage",
                    "with": [
                      {
                        "text": "7"
                      }
                    ],
                    "color": "dark_green",
                    "italic": false
                  },
                  {
                    "translate": "attribute.name.anemokinesis.attack_speed",
                    "with": [
                      {
                        "text": "1.6"
                      }
                    ],
                    "color": "dark_green",
                    "italic": false
                  },
                  {
                    "text":""
                },
                {
                  "translate": "pack.anemokinesis",
                  "color":"#4EDBA5",
                  "italic":true
                }
                ]
            },
            {
              "function": "minecraft:set_nbt",
              "tag": "{HideFlags:2,CustomModelData:6901000,display:{Name:'{\"translate\":\"item.anemokinesis.thunderite_sword\",\"italic\":false,\"color\":\"white\"}'},ane:{click:1b},smithed:{id:\"anemokinesis:thunderite_sword\",durability:{max:760}}}"
            }
          ]
        }
      ]
    }
  ]
}