{
    "type": "minecraft:generic",
    "pools": [
      {
        "rolls": 1,
        "entries": [
          {
            "type": "minecraft:item",
            "name": "minecraft:structure_block",
            "functions": [
              {
                "function": "minecraft:set_nbt",
                "tag": "{BlockEntityTag:{name:\"ane:stackable_item\",id:\"minecraft:structure_block\"},CustomModelData:6901019,display:{Name:'{\"translate\":\"item.anemokinesis.withering_powder\",\"italic\":false,\"color\":\"white\"}'},smithed:{id:\"anemokinesis:withering_powder\"}}"
              }
            ]
          }
        ]
      }
    ],
    "functions": [
      {
        "function": "minecraft:set_lore",
        "lore": [
            {
                "text":""
            },
            {
              "translate": "pack.anemokinesis",
              "color":"#4EDBA5",
"italic":true
            }
          ]
      }
    ]
  }
  