{
  "display": {
    "icon": {
      "item": "minecraft:furnace",
      "nbt": "{CustomModelData:6901000}"
    },
    "title": {
      "translate": "advancement.ane.place_daylight_capacitor.title",
      "color": "white"
    },
    "description": {
      "translate": "advancement.ane.place_daylight_capacitor.description",
      "with": [
        {
          "translate": "block.anemokinesis.daylight_capacitor"
        },
        {
          "translate": "item.anemokinesis.radiant_shard"
        }
      ],
      "color": "green"
    },
    "frame": "goal",
    "show_toast": true,
    "announce_to_chat": true,
    "hidden": false
  },
  "parent": "minecraft:nether/obtain_ancient_debris",
  "criteria": {
    "impossible": {
      "trigger": "minecraft:impossible"
    }
  },
  "rewards": {
    "experience": 40
  }
}
