{
  "display": {
    "icon": {
      "item": "minecraft:bundle",
      "nbt": "{CustomModelData:6901000}"
    },
    "title": {
      "translate": "pack.acbag",
      "color": "white"
    },
    "description": [
      {
        "translate": "advancement.ane.root.description",
        "color": "white"
      }
    ],
    "background": "minecraft:textures/block/calcite.png",
    "frame": "task",
    "show_toast": false,
    "announce_to_chat": false
  },
  "criteria": {
    "requirement": {
      "trigger": "minecraft:tick"
    }
  }
}
