{
	"parent": "minecraft:block/cube",
	"textures": {
		"0": "anemokinesis:block/daylight_capacitor_cryo/bottom",
		"1": "anemokinesis:block/daylight_capacitor_cryo/side",
		"2": "anemokinesis:block/daylight_capacitor_cryo/top",
		"particle": "anemokinesis:block/daylight_capacitor_cryo/bottom"
	},
	"elements": [
		{
			"from": [0, 0, 0],
			"to": [16, 16, 16],
			"faces": {
				"north": {"uv": [0, 0, 16, 16], "texture": "#1"},
				"east": {"uv": [0, 0, 16, 16], "texture": "#1"},
				"south": {"uv": [0, 0, 16, 16], "texture": "#1"},
				"west": {"uv": [0, 0, 16, 16], "texture": "#1"},
				"up": {"uv": [0, 0, 16, 16], "texture": "#2"},
				"down": {"uv": [0, 0, 16, 16], "texture": "#0"}
			}
		}
	],
	"display": {
		"head": {
			"translation": [0, -30.43, 0],
			"scale": [1.602, 1.602, 1.602]
		}
	}
}