{
  "parent": "item/generated",
  "textures": {
    "layer0": "minecraft:item/leather_horse_armor"
  },
  "overrides": [
    {
      "predicate": {
        "custom_model_data": 6901000
      },
      "model": "anemokinesis:entity/voidling/head"
    },
    {
      "predicate": {
        "custom_model_data": 6901001
      },
      "model": "anemokinesis:entity/voidling/idle"
    },
    {
      "predicate": {
        "custom_model_data": 6901002
      },
      "model": "anemokinesis:entity/voidling/idle"
    },
    {
      "predicate": {
        "custom_model_data": 6901003
      },
      "model": "anemokinesis:entity/voidling/casting"
    }
  ]
}