{
	"parent": "minecraft:item/handheld",
	"textures": {
		"layer0": "anemokinesis:item/thunderite_sword"
	},
	"display": {
		"thirdperson_righthand": {
			"rotation": [-45, -90, 0],
			"translation": [0, 4.75, 1.75]
		},
		"thirdperson_lefthand": {
			"rotation": [-45, 90, 0],
			"translation": [0, 4.75, 1.75]
		},
		"firstperson_righthand": {
			"rotation": [45, 90, 0],
			"translation": [-8.5, 3.75, 0]
		},
		"firstperson_lefthand": {
			"rotation": [45, -90, 0],
			"translation": [-8.5, 3.75, 0]
		}
	}
}