{
	"credit": "Made with Blockbench",
	"texture_size": [128, 128],
	"textures": {
		"1": "anemokinesis:entity/voidling/casting"
	},
	"elements": [
		{
			"name": "shoulder_right",
			"from": [10.9, 0.5, 5.4],
			"to": [15.9, 4.5, 10.4],
			"rotation": {"angle": 22.5, "axis": "z", "origin": [3.5, 7, 7]},
			"faces": {
				"north": {"uv": [6.625, 4.625, 7.25, 5.125], "texture": "#1", "tintindex": 0},
				"east": {"uv": [6, 4.625, 6.625, 5.125], "texture": "#1", "tintindex": 0},
				"south": {"uv": [7.875, 4.625, 8.5, 5.125], "texture": "#1", "tintindex": 0},
				"west": {"uv": [7.25, 4.625, 7.875, 5.125], "texture": "#1", "tintindex": 0},
				"up": {"uv": [7.25, 4.625, 6.625, 4], "texture": "#1", "tintindex": 0},
				"down": {"uv": [7.875, 4, 7.25, 4.625], "texture": "#1", "tintindex": 0}
			}
		},
		{
			"name": "shoulder_left",
			"from": [-0.5, 4, 5.4],
			"to": [4.5, 8, 10.4],
			"rotation": {"angle": -22.5, "axis": "z", "origin": [3.5, 7, 7]},
			"faces": {
				"north": {"uv": [6.625, 3.5, 7.25, 4], "texture": "#1", "tintindex": 0},
				"east": {"uv": [6, 3.5, 6.625, 4], "texture": "#1", "tintindex": 0},
				"south": {"uv": [7.875, 3.5, 8.5, 4], "texture": "#1", "tintindex": 0},
				"west": {"uv": [7.25, 3.5, 7.875, 4], "texture": "#1", "tintindex": 0},
				"up": {"uv": [7.25, 3.5, 6.625, 2.875], "texture": "#1", "tintindex": 0},
				"down": {"uv": [7.875, 2.875, 7.25, 3.5], "texture": "#1", "tintindex": 0}
			}
		},
		{
			"name": "left_arm",
			"from": [0, -5, 6],
			"to": [4, 7, 10],
			"rotation": {"angle": -22.5, "axis": "z", "origin": [3.5, 7, 7]},
			"faces": {
				"north": {"uv": [3, 5.375, 3.5, 6.875], "texture": "#1", "tintindex": 0},
				"east": {"uv": [2.5, 5.375, 3, 6.875], "texture": "#1", "tintindex": 0},
				"south": {"uv": [4, 5.375, 4.5, 6.875], "texture": "#1", "tintindex": 0},
				"west": {"uv": [3.5, 5.375, 4, 6.875], "texture": "#1", "tintindex": 0},
				"up": {"uv": [3.5, 5.375, 3, 4.875], "texture": "#1", "tintindex": 0},
				"down": {"uv": [4, 4.875, 3.5, 5.375], "texture": "#1", "tintindex": 0}
			}
		},
		{
			"name": "right_arm",
			"from": [11.4, -8.5, 6],
			"to": [15.4, 3.5, 10],
			"rotation": {"angle": 22.5, "axis": "z", "origin": [3.5, 7, 7]},
			"faces": {
				"north": {"uv": [5, 5.375, 5.5, 6.875], "texture": "#1", "tintindex": 0},
				"east": {"uv": [4.5, 5.375, 5, 6.875], "texture": "#1", "tintindex": 0},
				"south": {"uv": [6, 5.375, 6.5, 6.875], "texture": "#1", "tintindex": 0},
				"west": {"uv": [5.5, 5.375, 6, 6.875], "texture": "#1", "tintindex": 0},
				"up": {"uv": [5.5, 5.375, 5, 4.875], "texture": "#1", "tintindex": 0},
				"down": {"uv": [6, 4.875, 5.5, 5.375], "texture": "#1", "tintindex": 0}
			}
		},
		{
			"name": "left_leg",
			"from": [4, -16, 6],
			"to": [8, -4, 10],
			"faces": {
				"north": {"uv": [6.5, 0.5, 7, 2], "texture": "#1", "tintindex": 0},
				"east": {"uv": [6, 0.5, 6.5, 2], "texture": "#1", "tintindex": 0},
				"south": {"uv": [7.5, 0.5, 8, 2], "texture": "#1", "tintindex": 0},
				"west": {"uv": [7, 0.5, 7.5, 2], "texture": "#1", "tintindex": 0},
				"up": {"uv": [7, 0.5, 6.5, 0], "texture": "#1", "tintindex": 0},
				"down": {"uv": [7.5, 0, 7, 0.5], "texture": "#1", "tintindex": 0}
			}
		},
		{
			"name": "right_leg",
			"from": [8, -16, 6],
			"to": [12, -4, 10],
			"faces": {
				"north": {"uv": [0.5, 5.875, 1, 7.375], "texture": "#1", "tintindex": 0},
				"east": {"uv": [0, 5.875, 0.5, 7.375], "texture": "#1", "tintindex": 0},
				"south": {"uv": [1.5, 5.875, 2, 7.375], "texture": "#1", "tintindex": 0},
				"west": {"uv": [1, 5.875, 1.5, 7.375], "texture": "#1", "tintindex": 0},
				"up": {"uv": [1, 5.875, 0.5, 5.375], "texture": "#1", "tintindex": 0},
				"down": {"uv": [1.5, 5.375, 1, 5.875], "texture": "#1", "tintindex": 0}
			}
		},
		{
			"name": "body_outer",
			"from": [3.5, -13.5, 5.5],
			"to": [12.5, 8.5, 10.5],
			"faces": {
				"north": {"uv": [0.5, 2.75, 1.5, 5.375], "texture": "#1", "tintindex": 0},
				"east": {"uv": [0, 2.75, 0.5, 5.375], "texture": "#1", "tintindex": 0},
				"south": {"uv": [2, 2.75, 3, 5.375], "texture": "#1", "tintindex": 0},
				"west": {"uv": [1.5, 2.75, 2, 5.375], "texture": "#1", "tintindex": 0},
				"up": {"uv": [1.5, 2.75, 0.5, 2.25], "texture": "#1", "tintindex": 0},
				"down": {"uv": [2.5, 2.25, 1.5, 2.75], "texture": "#1", "tintindex": 0}
			}
		},
		{
			"name": "body_inner",
			"from": [4, -4, 6],
			"to": [12, 8, 10],
			"faces": {
				"north": {"uv": [3.5, 3.375, 4.5, 4.875], "texture": "#1", "tintindex": 0},
				"east": {"uv": [3, 3.375, 3.5, 4.875], "texture": "#1", "tintindex": 0},
				"south": {"uv": [5, 3.375, 6, 4.875], "texture": "#1", "tintindex": 0},
				"west": {"uv": [4.5, 3.375, 5, 4.875], "texture": "#1", "tintindex": 0},
				"up": {"uv": [4.5, 3.375, 3.5, 2.875], "texture": "#1", "tintindex": 0},
				"down": {"uv": [5.5, 2.875, 4.5, 3.375], "texture": "#1", "tintindex": 0}
			}
		},
		{
			"from": [4, -10, 10],
			"to": [12, 8, 11],
			"rotation": {"angle": -22.5, "axis": "x", "origin": [8, 8, 10]},
			"faces": {
				"north": {"uv": [8.125, 0.125, 9.125, 2.375], "texture": "#1"},
				"east": {"uv": [9.125, 0.125, 9.25, 2.375], "texture": "#1"},
				"south": {"uv": [9.25, 0.125, 10.25, 2.375], "texture": "#1"},
				"west": {"uv": [8, 0.125, 8.125, 2.375], "texture": "#1"},
				"up": {"uv": [8.125, 0, 9.125, 0.125], "texture": "#1"},
				"down": {"uv": [9.125, 0, 10.125, 0.125], "texture": "#1"}
			}
		}
	],
	"display": {
		"firstperson_righthand": {
			"rotation": [-16, -180, 0],
			"translation": [-0.5, 2.75, 1],
			"scale": [0.3, 0.3, 0.3]
		},
		"firstperson_lefthand": {
			"rotation": [-16, -180, 0],
			"translation": [-0.5, 2.75, 1],
			"scale": [0.3, 0.3, 0.3]
		},
		"ground": {
			"rotation": [0, -180, 0],
			"translation": [0, 6.3, -6.4]
		},
		"gui": {
			"rotation": [-30, -180, 21],
			"translation": [-1.25, -1.75, 0],
			"scale": [0.4, 0.4, 0.4]
		},
		"fixed": {
			"translation": [4, 0, 17.25],
			"scale": [4, 4, 4]
		}
	},
	"groups": [
		{
			"name": "voidllager",
			"origin": [0, 0, 0],
			"color": 0,
			"children": [0, 1, 2, 3, 4, 5, 6, 7]
		}, 8]
}