{
	"credit": "Made with Blockbench",
	"texture_size": [72, 72],
	"textures": {
		"0": "anemokinesis:entity/voidling/head",
		"particle": "anemokinesis:entity/voidling/head"
	},
	"elements": [
		{
			"name": "head",
			"from": [4, 9, 4],
			"to": [12, 17, 12],
			"rotation": {"angle": 0, "axis": "y", "origin": [0, 1, 0]},
			"faces": {
				"north": {"uv": [4, 4, 8, 8], "texture": "#0", "tintindex": 0},
				"east": {"uv": [8, 4, 12, 8], "texture": "#0", "tintindex": 0},
				"south": {"uv": [12, 4, 16, 8], "texture": "#0", "tintindex": 0},
				"west": {"uv": [0, 4, 4, 8], "texture": "#0", "tintindex": 0},
				"up": {"uv": [4, 0, 8, 4], "texture": "#0", "tintindex": 0},
				"down": {"uv": [8, 0, 12, 4], "texture": "#0", "tintindex": 0}
			}
		},
		{
			"from": [8, 17, 4],
			"to": [8, 25, 12],
			"faces": {
				"north": {"uv": [0, 0, 0, 1.77778], "texture": "#0"},
				"east": {"uv": [16, 0, 12, 4], "texture": "#0", "tintindex": 0},
				"south": {"uv": [0, 0, 0, 1.77778], "texture": "#0"},
				"west": {"uv": [12, 0, 16, 4], "texture": "#0", "tintindex": 0},
				"up": {"uv": [0, 0, 0, 1.77778], "texture": "#0"},
				"down": {"uv": [0, 0, 0, 1.77778], "texture": "#0"}
			}
		}
	],
	"display": {
		"thirdperson_righthand": {
			"rotation": [67, 0, 0],
			"translation": [-6, -1.55, 11]
		},
		"thirdperson_lefthand": {
			"rotation": [67, 0, 0],
			"translation": [-6, -1.55, 11]
		},
		"gui": {
			"rotation": [27, 150, 0],
			"translation": [0, -3.75, 0],
			"scale": [0.7, 0.7, 0.7]
		},
		"head": {
			"translation": [0, -8, 0],
			"scale": [1.6, 1.6, 1.6]
		}
	}
}