{
    "condition": "minecraft:entity_properties",
    "entity": "this",
    "predicate": {
      "equipment": {
        "head": {
          "items": [
            "minecraft:leather_helmet"
          ],
          "nbt": "{smithed:{id:\"anemokinesis:heliolide_helmet\"}}"
        },
        "chest": {
          "items": [
            "minecraft:leather_chestplate"
          ],
          "nbt": "{smithed:{id:\"anemokinesis:heliolide_chestplate\"}}"
        },
        "legs": {"items": [
          "minecraft:leather_leggings"
        ],
        "nbt": "{smithed:{id:\"anemokinesis:heliolide_leggings\"}}"
        },
        "feet": {
          "items": [
            "minecraft:leather_boots"
          ],
          "nbt": "{smithed:{id:\"anemokinesis:heliolide_boots\"}}"
        }
      }
    }
  }
  