{
    "pools": [
      {
        "rolls": 1,
        "entries": [
          {
            "type": "minecraft:item",
            "name": "minecraft:furnace",
            "functions": [
              {
                "function": "minecraft:set_nbt",
                "tag": "{CustomModelData:6901000,display:{Name:'{\"translate\":\"block.anemokinesis.daylight_capacitor\",\"italic\":false,\"color\":\"aqua\"}'},BlockEntityTag:{Items:[{id:\"minecraft:stone\",Count:1b,Slot:0b,tag:{smithed:{block:{id:\"anemokinesis:daylight_capacitor\"}}}}]}}"
              }
            ]
          }
        ]
      }
    ],
    "functions": [
      {
        "function": "minecraft:set_lore",
        "lore": [
            {
                "text":""
            },
            {
              "translate": "pack.anemokinesis",
              "color":"#4EDBA5",
"italic":true
            }
          ]
      }
    ]
  }
  